-- MySQL dump 10.13  Distrib 8.0.36, for macos14 (arm64)
--
-- Host: localhost    Database: ELI_ELECTRICAL
-- ------------------------------------------------------
-- Server version	8.0.36

/*!40101 SET @OLD_CHARACTER_SET_CLIENT=@@CHARACTER_SET_CLIENT */;
/*!40101 SET @OLD_CHARACTER_SET_RESULTS=@@CHARACTER_SET_RESULTS */;
/*!40101 SET @OLD_COLLATION_CONNECTION=@@COLLATION_CONNECTION */;
/*!50503 SET NAMES utf8mb4 */;
/*!40103 SET @OLD_TIME_ZONE=@@TIME_ZONE */;
/*!40103 SET TIME_ZONE='+00:00' */;
/*!40014 SET @OLD_UNIQUE_CHECKS=@@UNIQUE_CHECKS, UNIQUE_CHECKS=0 */;
/*!40014 SET @OLD_FOREIGN_KEY_CHECKS=@@FOREIGN_KEY_CHECKS, FOREIGN_KEY_CHECKS=0 */;
/*!40101 SET @OLD_SQL_MODE=@@SQL_MODE, SQL_MODE='NO_AUTO_VALUE_ON_ZERO' */;
/*!40111 SET @OLD_SQL_NOTES=@@SQL_NOTES, SQL_NOTES=0 */;

--
-- Table structure for table `circuits`
--

DROP TABLE IF EXISTS `circuits`;
/*!40101 SET @saved_cs_client     = @@character_set_client */;
/*!50503 SET character_set_client = utf8mb4 */;
CREATE TABLE `circuits` (
  `id` int NOT NULL AUTO_INCREMENT,
  `name` varchar(255) DEFAULT NULL,
  `ref` text,
  `total_center` int DEFAULT NULL,
  `total_current_ct` decimal(9,2) DEFAULT NULL,
  `total_length_ct` varchar(25) DEFAULT NULL,
  `total_active_power_ct` decimal(9,2) DEFAULT NULL,
  `total_reactive_power_ct` decimal(6,2) DEFAULT NULL,
  `total_apparent_power_ct` decimal(6,2) DEFAULT NULL,
  `total_fp` decimal(6,2) DEFAULT NULL,
  `name_impedance` varchar(255) DEFAULT NULL,
  `elect_differencial` varchar(45) DEFAULT NULL,
  `secctionmm2` decimal(6,2) DEFAULT NULL,
  `method` varchar(255) DEFAULT NULL,
  `wires` varchar(255) DEFAULT NULL,
  `current_by_method` decimal(5,2) DEFAULT NULL,
  `type_circuit` varchar(255) DEFAULT NULL,
  `vp` decimal(6,2) DEFAULT NULL,
  `single_voltage` decimal(4,3) DEFAULT NULL,
  `current_r` decimal(9,2) DEFAULT NULL,
  `current_s` decimal(9,2) DEFAULT NULL,
  `current_t` decimal(9,2) DEFAULT NULL,
  `created_at` datetime NOT NULL DEFAULT CURRENT_TIMESTAMP,
  `breakers` varchar(255) DEFAULT NULL,
  `conduit` varchar(45) DEFAULT NULL,
  `updated_at` datetime NOT NULL DEFAULT CURRENT_TIMESTAMP,
  `tg_id` int NOT NULL,
  `td_id` int DEFAULT NULL,
  PRIMARY KEY (`id`),
  KEY `fk_loads_tgs1_idx` (`tg_id`),
  KEY `fk_loads_tds1_idx` (`td_id`),
  CONSTRAINT `fk_loads_tds1` FOREIGN KEY (`td_id`) REFERENCES `tds` (`id`),
  CONSTRAINT `fk_loads_tgs1` FOREIGN KEY (`tg_id`) REFERENCES `tgs` (`id`)
) ENGINE=InnoDB AUTO_INCREMENT=214 DEFAULT CHARSET=utf8mb3;
/*!40101 SET character_set_client = @saved_cs_client */;

--
-- Dumping data for table `circuits`
--

LOCK TABLES `circuits` WRITE;
/*!40000 ALTER TABLE `circuits` DISABLE KEYS */;
INSERT INTO `circuits` VALUES (23,'1','Oficina',6,10.05,'50',2.10,-0.69,2.21,0.95,'capacitance','2X25 30mA',5.26,'a2','RZ1-K',35.00,'feeder',3.44,0.220,10.05,NULL,NULL,'2024-05-23 23:34:41','1X16 \'C\' 10KA','32','2024-05-23 23:34:41',3,NULL),(24,'2','Cocina',1,5.18,'20',3.00,1.18,3.41,0.88,'inductance','4X25 300mA',1.50,'a2','RV',17.00,'subfeeder',1.24,0.380,5.18,5.18,5.18,'2024-06-07 17:44:33','3X10 \'C\' 10KA','25','2024-06-07 17:44:33',3,NULL),(25,'3','Taller',4,20.92,'36.5',8.98,0.17,9.94,0.90,'capacitance','4X40 300mA',3.31,'b1','THHN',33.00,'feeder',4.15,0.380,20.92,20.92,20.92,'2024-06-07 17:46:54','3X32 \'C\' 10KA','40','2024-06-07 17:46:54',3,NULL),(26,'4','Ascensor',4,22.03,'40',11.60,6.48,14.50,0.80,'inductance','4X40 300mA',4.00,'a2','RV-K',30.00,'subfeeder',3.97,0.380,22.03,22.03,22.03,'2024-06-07 18:00:11','3X32 \'C\' 10KA','40','2024-06-07 18:00:11',3,NULL),(27,'5','Bodega',2,9.57,'30',2.00,-0.66,2.11,0.95,'capacitance','2X25 30mA',2.50,'b1','H07Z1',28.00,'feeder',4.13,0.220,NULL,9.57,NULL,'2024-06-07 18:02:11','1X16 \'C\' 10KA','20','2024-06-07 18:02:11',3,NULL),(28,'6','Presurizacion',2,13.51,'50',8.00,2.81,8.89,0.90,'inductance','4X25 300mA',3.31,'a2','H07Z1',17.00,'subfeeder',3.67,0.380,13.51,13.51,13.51,'2024-06-07 18:05:42','3X20 \'C\' 10KA','40','2024-06-07 18:05:42',3,NULL),(29,'7','Taller 2',5,20.30,'55',8.94,4.00,10.54,0.85,'inductance','4X25 300mA',5.26,'a2','RZ1-K',35.00,'subfeeder',3.82,0.380,20.30,20.30,20.30,'2024-06-07 18:07:36','3X25 \'C\' 10KA','40','2024-06-07 18:07:36',3,NULL),(30,'8','Duchas',3,12.78,'40',2.67,-0.88,2.81,0.95,'capacitance','2X25 30mA',5.26,'a1','RV-K',37.00,'subfeeder',3.50,0.220,NULL,NULL,12.78,'2024-06-07 18:12:32','1X16 \'C\' 10KA','32','2024-06-07 18:12:32',3,NULL),(32,'9','Portones de acceso',4,19.14,'40',4.00,-1.31,4.21,0.95,'capacitance','2X25 30mA',8.37,'b1','H07V',59.00,'subfeeder',3.29,0.220,19.14,NULL,NULL,'2024-06-07 18:17:13','1X25 \'C\' 10KA','32','2024-06-07 18:17:13',3,NULL),(33,'10','Sala de bombas',4,18.44,'40',10.80,4.02,12.13,0.89,'inductance','4X25 300mA',3.31,'a2','RZ1',26.00,'subfeeder',4.01,0.380,18.44,18.44,18.44,'2024-06-07 18:22:30','3X25 \'C\' 10KA','40','2024-06-07 18:22:30',3,NULL),(34,'11','Cortinas metalicas',4,21.66,'50',12.40,5.14,14.25,0.87,'inductance','4X40 300mA',5.26,'b1','RZ1-K',28.00,'feeder',3.71,0.380,21.66,21.66,21.66,'2024-06-07 18:25:28','3X32 \'C\' 10KA','40','2024-06-07 18:25:28',3,NULL),(35,'12','Parking',4,14.86,'37.9',8.80,-4.26,9.78,0.90,'capacitance','4X25 300mA',2.50,'e','H07Z1',23.00,'subfeeder',4.05,0.380,14.86,14.86,14.86,'2024-06-07 18:57:41','3X20 \'C\' 10KA','32','2024-06-07 18:57:41',3,NULL),(36,'13','Piscina',1,9.78,'20',2.00,0.79,2.15,0.93,'inductance','2X25 30mA',2.50,'b1','RV-K',28.00,'subfeeder',2.82,0.220,NULL,9.78,NULL,'2024-06-07 18:58:43','1X16 \'C\' 10KA','20','2024-06-07 18:58:43',3,NULL),(38,'1','Baños',2,19.14,'40',4.00,-1.31,4.21,0.95,'capacitance','2X25 30mA',8.37,'a2','RV',46.00,'feeder',3.29,0.220,19.14,NULL,NULL,'2024-06-10 21:30:54','1X25 \'C\' 10KA','32','2024-06-10 21:30:54',3,3),(39,'2','Taller',2,13.12,'20',7.60,2.99,8.64,0.88,'inductance','4X25 300mA',1.50,'a2','RV',17.00,'feeder',3.15,0.380,13.12,13.12,13.12,'2024-06-10 21:49:30','3X20 \'C\' 10KA','25','2024-06-10 21:49:30',3,3),(40,'16','Oficinas',12,6.32,'50',1.32,-0.43,1.39,0.95,'capacitance','2X25 30mA',3.31,'a2','H07Z1',26.00,'feeder',3.44,0.220,6.32,NULL,NULL,'2024-06-12 09:21:00','1X10 \'C\' 10KA','25','2024-06-12 09:21:00',3,NULL),(41,'3','Casa Vecino',20,1.73,'50',1.00,0.39,1.14,0.88,'inductance','4X25 300mA',1.50,'b1','RV-K',20.00,'feeder',1.04,0.380,1.73,1.73,1.73,'2024-06-14 09:26:54','3X6 \'C\' 10KA','25','2024-06-14 09:26:54',3,3),(42,'4','Techumbre',4,2.73,'15',1.62,-0.78,1.80,0.90,'capacitance','4X25 300mA',1.50,'a2','RV',17.00,'subfeeder',0.49,0.380,2.73,2.73,2.73,'2024-06-14 19:03:07','3X6 \'C\' 10KA','25','2024-06-14 19:03:07',3,3),(43,'17','Taller',2,6.99,'20',4.00,1.66,4.60,0.87,'inductance','4X25 300mA',1.50,'a1','RV',17.00,'feeder',1.68,0.380,6.99,6.99,6.99,'2024-07-08 23:56:53','3X10 \'C\' 10KA','25','2024-07-08 23:56:53',3,NULL),(45,'5','Patio',2,4.89,'25',1.00,0.40,1.08,0.93,'inductance','2X25 30mA',1.50,'a1','RV-K',17.00,'feeder',2.93,0.220,NULL,4.89,NULL,'2024-07-09 18:08:23','1X6 \'C\' 10KA','16','2024-07-09 18:08:23',3,3),(58,'1','Patio',21,0.10,'52',0.06,0.02,0.07,0.86,'inductance','4X25 300mA',1.50,'a2','THHN',17.00,'subfeeder',0.06,0.380,0.10,0.10,0.10,'2024-07-12 00:44:50','3X6 \'C\' 10KA','25','2024-07-12 00:44:50',4,NULL),(69,'1','Luces Led - Campana',6,2.44,'50',0.51,-0.17,0.54,0.95,'capacitance','2X25 30mA',1.50,'a1','H07Z1',17.00,'feeder',2.93,0.220,2.44,NULL,NULL,'2024-07-12 19:44:08','1X6 \'C\' 10KA','16','2024-07-12 19:44:08',12,NULL),(70,'2','Luces Led - Campana',6,2.44,'100',0.51,-0.17,0.54,0.95,'capacitance','2X25 30mA',2.50,'a1','H07Z1',23.00,'feeder',3.51,0.220,NULL,2.44,NULL,'2024-07-12 19:46:35','1X6 \'C\' 10KA','20','2024-07-12 19:46:35',12,NULL),(73,'3','Luces Led - Campana ',6,2.44,'100',0.51,-0.17,0.54,0.95,'capacitance','2X25 30mA',2.50,'a1','H07Z1',23.00,'feeder',3.51,0.220,NULL,NULL,2.44,'2024-07-12 23:07:21','1X6 \'C\' 10KA','20','2024-07-12 23:07:21',12,NULL),(74,'4','Luces Led - Campana',6,2.44,'100',0.51,-0.17,0.54,0.95,'capacitance','2X25 30mA',2.50,'a1','H07Z1',23.00,'feeder',3.51,0.220,2.44,NULL,NULL,'2024-07-12 23:08:09','1X6 \'C\' 10KA','20','2024-07-12 23:08:09',12,NULL),(75,'5','Luces Led - Campana',6,2.44,'100',0.51,-0.17,0.54,0.95,'capacitance','2X25 30mA',2.50,'a1','H07Z1',23.00,'feeder',3.51,0.220,NULL,2.44,NULL,'2024-07-12 23:11:17','1X6 \'C\' 10KA','20','2024-07-12 23:11:17',12,NULL),(76,'6','Luces Led - Campana',6,2.44,'100',0.51,-0.17,0.54,0.95,'capacitance','2X25 30mA',2.50,'a1','H07Z1',23.00,'feeder',3.51,0.220,NULL,NULL,2.44,'2024-07-12 23:11:50','1X6 \'C\' 10KA','20','2024-07-12 23:11:50',12,NULL),(77,'7','EQ - Hermético',8,1.44,'100',0.30,-0.10,0.32,0.95,'capacitance','2X25 30mA',1.50,'a1','H07Z1',17.00,'feeder',3.46,0.220,1.44,NULL,NULL,'2024-07-12 23:16:58','1X6 \'C\' 10KA','16','2024-07-12 23:16:58',12,NULL),(80,'8','EQ - Hermético',14,2.54,'100',0.53,-0.17,0.56,0.95,'capacitance','2X25 30mA',2.50,'a1','H07Z1',23.00,'feeder',3.66,0.220,NULL,2.54,NULL,'2024-07-12 23:18:53','1X6 \'C\' 10KA','20','2024-07-12 23:18:53',12,NULL),(81,'9','Proyector Led',11,4.98,'100',1.04,-0.34,1.09,0.95,'capacitance','2X25 30mA',4.00,'a1','H07Z1',31.00,'feeder',4.48,0.220,NULL,NULL,4.98,'2024-07-12 23:19:36','1X6 \'C\' 10KA','25','2024-07-12 23:19:36',12,NULL),(83,'10','Proyector Led',7,3.21,'100',0.67,-0.22,0.71,0.95,'capacitance','2X25 30mA',3.31,'a1','H07Z1',28.00,'feeder',3.49,0.220,3.21,NULL,NULL,'2024-07-12 23:20:41','1X6 \'C\' 10KA','25','2024-07-12 23:20:41',12,NULL),(84,'11','Proyector Led',6,2.73,'100',0.57,-0.19,0.60,0.95,'capacitance','2X25 30mA',2.50,'a1','H07Z1',23.00,'feeder',3.93,0.220,NULL,2.73,NULL,'2024-07-12 23:21:27','1X6 \'C\' 10KA','20','2024-07-12 23:21:27',12,NULL),(85,'12','Enchufes',2,2.39,'100',0.50,-0.17,0.53,0.95,'capacitance','2X25 30mA',2.50,'a1','H07Z1',23.00,'feeder',3.44,0.220,NULL,NULL,2.39,'2024-07-12 23:22:13','1X6 \'C\' 10KA','20','2024-07-12 23:22:13',12,NULL),(86,'13','Enchufes',4,4.78,'100',1.00,-0.33,1.05,0.95,'capacitance','2X25 30mA',4.00,'a1','H07Z1',31.00,'feeder',4.30,0.220,4.78,NULL,NULL,'2024-07-12 23:22:47','1X6 \'C\' 10KA','25','2024-07-12 23:22:47',12,NULL),(87,'14','Enchufe',1,15.45,'100',8.95,3.52,10.17,0.88,'inductance','4X25 300mA',8.37,'a1','H07Z1',23.00,'feeder',3.32,0.380,15.45,15.45,15.45,'2024-07-12 23:24:17','3X20 \'C\' 10KA','50','2024-07-12 23:24:17',12,NULL),(88,'15','Enchufe',1,14.61,'50',2.99,1.18,3.22,0.93,'inductance','2X25 30mA',6.00,'a1','H07Z1',40.00,'feeder',4.38,0.220,NULL,14.61,NULL,'2024-07-12 23:25:35','1X20 \'C\' 10KA','32','2024-07-12 23:25:35',12,NULL),(89,'16','Enchufe',1,15.45,'50',8.95,3.52,10.17,0.88,'inductance','4X25 300mA',3.31,'a1','H07Z1',23.00,'feeder',4.20,0.380,15.45,15.45,15.45,'2024-07-12 23:26:30','3X20 \'C\' 10KA','40','2024-07-12 23:26:30',12,NULL),(90,'17','Enchufe',1,14.61,'50',2.99,1.18,3.22,0.93,'inductance','2X25 30mA',6.00,'a1','H07Z1',40.00,'feeder',4.38,0.220,NULL,NULL,14.61,'2024-07-12 23:27:13','1X20 \'C\' 10KA','32','2024-07-12 23:27:13',12,NULL),(91,'18','Enchufe',4,4.89,'50',1.00,0.40,1.08,0.93,'inductance','2X25 30mA',2.50,'a1','H07Z1',23.00,'feeder',3.52,0.220,4.89,NULL,NULL,'2024-07-12 23:27:46','1X6 \'C\' 10KA','20','2024-07-12 23:27:46',12,NULL),(92,'19','Enchufe',1,15.45,'50',8.95,3.52,10.17,0.88,'inductance','4X25 300mA',3.31,'a1','H07Z1',23.00,'feeder',4.20,0.380,15.45,15.45,15.45,'2024-07-12 23:28:38','3X20 \'C\' 10KA','40','2024-07-12 23:28:38',12,NULL),(93,'20','Enchufe',1,14.61,'50',2.99,1.18,3.22,0.93,'inductance','2X25 30mA',6.00,'a1','H07Z1',40.00,'feeder',4.38,0.220,NULL,14.61,NULL,'2024-07-12 23:29:25','1X20 \'C\' 10KA','32','2024-07-12 23:29:25',12,NULL),(94,'21','Enchufe',1,15.45,'50',8.95,3.52,10.17,0.88,'inductance','4X25 300mA',3.31,'a1','H07Z1',23.00,'feeder',4.20,0.380,15.45,15.45,15.45,'2024-07-12 23:30:04','3X20 \'C\' 10KA','40','2024-07-12 23:30:04',12,NULL),(95,'22','Enchufe',1,14.61,'50',2.99,1.18,3.22,0.93,'inductance','2X25 30mA',6.00,'a1','H07Z1',40.00,'feeder',4.38,0.220,NULL,NULL,14.61,'2024-07-12 23:30:43','1X20 \'C\' 10KA','32','2024-07-12 23:30:43',12,NULL),(99,'26','Enchufe',1,15.28,'50',8.95,3.34,10.06,0.89,'inductance','4X25 300mA',3.31,'a1','H07Z1',23.00,'feeder',4.15,0.380,15.28,15.28,15.28,'2024-07-12 23:39:53','3X20 \'C\' 10KA','40','2024-07-12 23:39:53',12,NULL),(100,'27','Enchufe',1,15.28,'50',8.95,3.34,10.06,0.89,'inductance','4X25 300mA',3.31,'a1','H07Z1',23.00,'feeder',4.15,0.380,15.28,15.28,15.28,'2024-07-12 23:40:36','3X20 \'C\' 10KA','40','2024-07-12 23:40:36',12,NULL),(101,'28','Enchufe',1,15.28,'50',8.95,3.34,10.06,0.89,'inductance','4X25 300mA',3.31,'a1','H07Z1',23.00,'feeder',4.15,0.380,15.28,15.28,15.28,'2024-07-12 23:41:05','3X20 \'C\' 10KA','40','2024-07-12 23:41:05',12,NULL),(133,'1','Luces Led - Campana',7,2.82,'30',0.59,-0.19,0.62,0.95,'capacitance','2X25 30mA',1.50,'a1','H07Z1',17.00,'feeder',2.03,0.220,2.82,NULL,NULL,'2024-07-13 00:15:20','1X6 \'C\' 10KA','16','2024-07-13 00:15:20',14,NULL),(134,'2','Luces Led - Campana',5,2.01,'36',0.42,-0.14,0.44,0.95,'capacitance','2X25 30mA',1.50,'a1','H07Z1',17.00,'feeder',1.74,0.220,NULL,2.01,NULL,'2024-07-13 00:15:58','1X6 \'C\' 10KA','16','2024-07-13 00:15:58',14,NULL),(135,'3','Panel Led',8,1.39,'26',0.29,-0.10,0.31,0.95,'capacitance','2X25 30mA',1.50,'a1','H07Z1',17.00,'feeder',0.87,0.220,NULL,NULL,1.39,'2024-07-13 00:17:01','1X6 \'C\' 10KA','16','2024-07-13 00:17:01',14,NULL),(136,'4','Panel Led',9,1.20,'34',0.25,-0.08,0.26,0.95,'capacitance','2X25 30mA',1.50,'a1','H07Z1',17.00,'feeder',0.98,0.220,1.20,NULL,NULL,'2024-07-13 00:17:42','1X6 \'C\' 10KA','16','2024-07-13 00:17:42',14,NULL),(137,'5','Panel Led',9,1.20,'35',0.25,-0.08,0.26,0.95,'capacitance','2X25 30mA',1.50,'a1','H07Z1',17.00,'feeder',1.01,0.220,NULL,1.20,NULL,'2024-07-13 00:18:30','1X6 \'C\' 10KA','16','2024-07-13 00:18:30',14,NULL),(138,'6','Led Embutido',6,0.81,'71',0.17,-0.06,0.18,0.95,'capacitance','2X25 30mA',1.50,'a1','H07Z1',17.00,'feeder',1.38,0.220,NULL,NULL,0.81,'2024-07-13 00:19:12','1X6 \'C\' 10KA','16','2024-07-13 00:19:12',14,NULL),(139,'7','EQ - Hermetico',13,2.34,'34.3',0.49,-0.16,0.52,0.95,'capacitance','2X25 30mA',1.50,'a1','H07Z1',17.00,'feeder',1.93,0.220,2.34,NULL,NULL,'2024-07-13 00:19:49','1X6 \'C\' 10KA','16','2024-07-13 00:19:49',14,NULL),(140,'8','EQ -Hermetico',10,1.82,'54',0.38,-0.12,0.40,0.95,'capacitance','2X25 30mA',1.50,'a1','H07Z1',17.00,'feeder',2.36,0.220,NULL,1.82,NULL,'2024-07-13 00:20:23','1X6 \'C\' 10KA','16','2024-07-13 00:20:23',14,NULL),(141,'9','Enchufes',2,2.44,'36',0.50,0.20,0.54,0.93,'inductance','2X25 30mA',1.50,'a1','H07Z1',17.00,'feeder',2.11,0.220,NULL,NULL,2.44,'2024-07-13 00:20:55','1X6 \'C\' 10KA','16','2024-07-13 00:20:55',14,NULL),(142,'10','Enchufes',2,2.44,'63',0.50,0.20,0.54,0.93,'inductance','2X25 30mA',1.50,'a1','H07Z1',17.00,'feeder',3.69,0.220,2.44,NULL,NULL,'2024-07-13 00:21:23','1X6 \'C\' 10KA','16','2024-07-13 00:21:23',14,NULL),(143,'11','Enchufes',6,7.33,'69',1.50,0.59,1.61,0.93,'inductance','2X25 30mA',5.26,'a1','H07Z1',37.00,'feeder',3.46,0.220,NULL,7.33,NULL,'2024-07-13 00:21:57','1X10 \'C\' 10KA','32','2024-07-13 00:21:57',14,NULL),(144,'12','Enchufes',6,7.33,'67',1.50,0.59,1.61,0.93,'inductance','2X25 30mA',4.00,'a1','H07Z1',31.00,'feeder',4.42,0.220,NULL,NULL,7.33,'2024-07-13 00:22:24','1X10 \'C\' 10KA','25','2024-07-13 00:22:24',14,NULL),(145,'13','Enchufes',4,4.89,'12.36',1.00,0.40,1.08,0.93,'inductance','2X25 30mA',1.50,'a1','H07Z1',17.00,'feeder',1.45,0.220,4.89,NULL,NULL,'2024-07-13 00:22:56','1X6 \'C\' 10KA','16','2024-07-13 00:22:56',14,NULL),(146,'14','Enchufes',3,3.67,'36',0.75,0.30,0.81,0.93,'inductance','2X25 30mA',1.50,'a1','H07Z1',17.00,'feeder',3.17,0.220,NULL,3.67,NULL,'2024-07-13 00:23:23','1X6 \'C\' 10KA','16','2024-07-13 00:23:23',14,NULL),(147,'15','Enchufes',4,4.78,'46',1.00,-0.33,1.05,0.95,'capacitance','2X25 30mA',2.50,'a1','H07Z1',23.00,'feeder',3.17,0.220,NULL,NULL,4.78,'2024-07-13 00:23:53','1X6 \'C\' 10KA','20','2024-07-13 00:23:53',14,NULL),(148,'16','Enchufes',5,6.11,'77.3',1.25,0.49,1.34,0.93,'inductance','2X25 30mA',4.00,'a1','H07Z1',31.00,'feeder',4.25,0.220,6.11,NULL,NULL,'2024-07-13 00:24:25','1X10 \'C\' 10KA','25','2024-07-13 00:24:25',14,NULL),(149,'17','Enchufes',3,3.59,'49.52',0.75,-0.25,0.79,0.95,'capacitance','2X25 30mA',1.50,'a1','H07Z1',17.00,'feeder',4.27,0.220,NULL,3.59,NULL,'2024-07-13 00:24:55','1X6 \'C\' 10KA','16','2024-07-13 00:24:55',14,NULL),(150,'18','Enchufes',3,3.67,'55',0.75,0.30,0.81,0.93,'inductance','2X25 30mA',2.50,'a1','H07Z1',23.00,'feeder',2.91,0.220,NULL,NULL,3.67,'2024-07-13 00:26:45','1X6 \'C\' 10KA','20','2024-07-13 00:26:45',14,NULL),(151,'19','Enchufes',4,4.89,'36',1.00,0.40,1.08,0.93,'inductance','2X25 30mA',1.50,'a1','H07Z1',17.00,'feeder',4.22,0.220,4.89,NULL,NULL,'2024-07-13 00:27:19','1X6 \'C\' 10KA','16','2024-07-13 00:27:19',14,NULL),(152,'20','Enchufes',4,4.89,'34',1.00,0.40,1.08,0.93,'inductance','2X25 30mA',1.50,'a1','H07Z1',17.00,'feeder',3.99,0.220,NULL,4.89,NULL,'2024-07-13 00:27:46','1X6 \'C\' 10KA','16','2024-07-13 00:27:46',14,NULL),(153,'21','Enchufes',2,2.44,'37',0.50,0.20,0.54,0.93,'inductance','2X25 30mA',1.50,'a1','H07Z1',17.00,'feeder',2.17,0.220,NULL,NULL,2.44,'2024-07-13 00:28:32','1X6 \'C\' 10KA','16','2024-07-13 00:28:32',14,NULL),(154,'22','Enchufes',1,14.61,'75',2.99,1.18,3.22,0.93,'inductance','2X25 30mA',10.00,'a1','H07Z1',54.00,'feeder',3.94,0.220,14.61,NULL,NULL,'2024-07-13 00:29:09','1X20 \'C\' 10KA','32','2024-07-13 00:29:09',14,NULL),(155,'23','Enchufes',1,15.63,'34.3',8.95,3.71,10.29,0.87,'inductance','4X25 300mA',2.50,'a1','H07Z1',23.00,'feeder',3.86,0.380,15.63,15.63,15.63,'2024-07-13 00:29:57','3X20 \'C\' 10KA','32','2024-07-13 00:29:57',14,NULL),(156,'24','Enchufes',1,14.61,'35.5',2.99,1.18,3.22,0.93,'inductance','2X25 30mA',5.26,'a1','H07Z1',37.00,'feeder',3.55,0.220,NULL,14.61,NULL,'2024-07-13 00:30:39','1X20 \'C\' 10KA','32','2024-07-13 00:30:39',14,NULL),(157,'25','Enchufes',1,1.22,'36',0.25,0.10,0.27,0.93,'inductance','2X25 30mA',1.50,'a1','H07Z1',17.00,'feeder',1.05,0.220,NULL,NULL,1.22,'2024-07-13 00:31:18','1X6 \'C\' 10KA','16','2024-07-13 00:31:18',14,NULL),(158,'26','Enchufes',3,3.67,'45',0.75,0.30,0.81,0.93,'inductance','2X25 30mA',1.50,'a1','H07Z1',17.00,'feeder',3.96,0.220,3.67,NULL,NULL,'2024-07-13 00:32:00','1X6 \'C\' 10KA','16','2024-07-13 00:32:00',14,NULL),(159,'27','Enchufes',4,4.89,'87',1.00,0.40,1.08,0.93,'inductance','2X25 30mA',4.00,'a1','H07Z1',31.00,'feeder',3.83,0.220,NULL,4.89,NULL,'2024-07-13 00:32:29','1X6 \'C\' 10KA','25','2024-07-13 00:32:29',14,NULL),(160,'28','Enchufes',2,2.44,'75.3',0.50,0.20,0.54,0.93,'inductance','2X25 30mA',1.50,'a1','H07Z1',17.00,'feeder',4.41,0.220,NULL,NULL,2.44,'2024-07-13 00:33:00','1X6 \'C\' 10KA','16','2024-07-13 00:33:00',14,NULL),(161,'29','Enchufes',1,1.22,'43.6',0.25,0.10,0.27,0.93,'inductance','2X25 30mA',1.50,'a1','H07Z1',17.00,'feeder',1.28,0.220,1.22,NULL,NULL,'2024-07-13 00:33:33','1X6 \'C\' 10KA','16','2024-07-13 00:33:33',14,NULL),(162,'30','Enchufes',2,2.44,'64.3',0.50,0.20,0.54,0.93,'inductance','2X25 30mA',1.50,'a1','H07Z1',17.00,'feeder',3.77,0.220,NULL,2.44,NULL,'2024-07-13 00:34:00','1X6 \'C\' 10KA','16','2024-07-13 00:34:00',14,NULL),(164,'1','EQ -Hermetico',10,1.53,'79.12',0.32,-0.09,0.33,0.97,'capacitance','2X25 30mA',1.50,'a1','H07Z1',17.00,'feeder',2.91,0.220,1.10,NULL,NULL,'2024-07-13 00:36:09','1X6 \'C\' 10KA','16','2024-07-13 00:36:09',15,NULL),(165,'2','Led Embutido',15,2.06,'85',0.43,-0.14,0.45,0.95,'capacitance','2X25 30mA',1.50,'a1','H07Z1',17.00,'feeder',4.20,0.220,NULL,2.06,NULL,'2024-07-13 00:37:58','1X6 \'C\' 10KA','16','2024-07-13 00:37:58',15,NULL),(166,'3','Led Embutido',8,1.10,'75',0.23,-0.07,0.24,0.95,'capacitance','2X25 30mA',1.50,'a1','H07Z1',17.00,'feeder',1.98,0.220,NULL,NULL,1.10,'2024-07-13 00:38:40','1X6 \'C\' 10KA','16','2024-07-13 00:38:40',15,NULL),(167,'4','EQ - Hermético',47,8.60,'65',1.76,0.69,1.89,0.93,'capacitance','2X25 30mA',5.26,'a1','H07Z1',37.00,'feeder',3.83,0.220,8.55,NULL,NULL,'2024-07-13 00:39:24','1X16 \'C\' 10KA','32','2024-07-13 00:39:24',15,NULL),(168,'5','EQ - Hermético',14,2.54,'54',0.53,-0.17,0.56,0.95,'capacitance','2X25 30mA',1.50,'a1','H07Z1',17.00,'feeder',3.29,0.220,NULL,2.54,NULL,'2024-07-13 00:40:11','1X6 \'C\' 10KA','16','2024-07-13 00:40:11',15,NULL),(169,'6','Enchufe',6,7.33,'27',1.50,0.59,1.61,0.93,'inductance','2X25 30mA',2.50,'a1','H07Z1',23.00,'feeder',2.85,0.220,NULL,NULL,7.33,'2024-07-13 00:41:28','1X10 \'C\' 10KA','20','2024-07-13 00:41:28',15,NULL),(170,'7','Enchufes',3,3.67,'54',0.75,0.30,0.81,0.93,'inductance','2X25 30mA',2.50,'a1','H07Z1',23.00,'feeder',2.85,0.220,3.67,NULL,NULL,'2024-07-13 00:42:01','1X6 \'C\' 10KA','20','2024-07-13 00:42:01',15,NULL),(171,'8','Enchufes',3,3.67,'11.5',0.75,0.30,0.81,0.93,'inductance','2X25 30mA',1.50,'a1','H07Z1',17.00,'feeder',1.01,0.220,NULL,3.67,NULL,'2024-07-13 00:42:39','1X6 \'C\' 10KA','16','2024-07-13 00:42:39',15,NULL),(172,'9','Enchufes',3,3.67,'11.3',0.75,0.30,0.81,0.93,'inductance','2X25 30mA',1.50,'a1','H07Z1',17.00,'feeder',1.00,0.220,NULL,NULL,3.67,'2024-07-13 00:43:05','1X6 \'C\' 10KA','16','2024-07-13 00:43:05',15,NULL),(173,'10','Enchufes',4,4.89,'12.36',1.00,0.40,1.08,0.93,'inductance','2X25 30mA',1.50,'a1','H07Z1',17.00,'feeder',1.45,0.220,4.89,NULL,NULL,'2024-07-13 00:43:45','1X6 \'C\' 10KA','16','2024-07-13 00:43:45',15,NULL),(174,'11','Enchufes',4,4.89,'32',1.00,0.40,1.08,0.93,'inductance','2X25 30mA',1.50,'a1','H07Z1',17.00,'feeder',3.76,0.220,NULL,4.89,NULL,'2024-07-13 00:44:31','1X6 \'C\' 10KA','16','2024-07-13 00:44:31',15,NULL),(175,'12','Enchufes',7,8.55,'37',1.75,0.69,1.88,0.93,'inductance','2X25 30mA',3.31,'a1','H07Z1',28.00,'feeder',3.44,0.220,NULL,NULL,8.55,'2024-07-13 00:45:54','1X16 \'C\' 10KA','25','2024-07-13 00:45:54',15,NULL),(176,'13','Enchufes',4,4.89,'66',1.00,0.40,1.08,0.93,'inductance','2X25 30mA',3.31,'a1','H07Z1',28.00,'feeder',3.51,0.220,4.89,NULL,NULL,'2024-07-13 00:46:30','1X6 \'C\' 10KA','25','2024-07-13 00:46:30',15,NULL),(177,'14','Enchufes',4,4.89,'36',1.00,0.40,1.08,0.93,'inductance','2X25 30mA',1.50,'a1','H07Z1',17.00,'feeder',4.22,0.220,NULL,4.89,NULL,'2024-07-13 00:47:02','1X6 \'C\' 10KA','16','2024-07-13 00:47:02',15,NULL),(178,'15','Enchufes',2,2.44,'97',0.50,0.20,0.54,0.93,'inductance','2X25 30mA',2.50,'a1','H07Z1',23.00,'feeder',3.41,0.220,NULL,NULL,2.44,'2024-07-13 00:47:39','1X6 \'C\' 10KA','20','2024-07-13 00:47:39',15,NULL),(179,'16','Enchufes',4,4.89,'37',1.00,0.40,1.08,0.93,'inductance','2X25 30mA',1.50,'a1','H07Z1',17.00,'feeder',4.34,0.220,4.89,NULL,NULL,'2024-07-13 00:48:31','1X6 \'C\' 10KA','16','2024-07-13 00:48:31',15,NULL),(181,'1','Led Embutido',3,0.39,'36',0.08,0.03,0.09,0.93,'inductance','2X25 30mA',1.50,'a1','H07Z1',17.00,'feeder',0.34,0.220,0.39,NULL,NULL,'2024-07-13 00:51:47','1X6 \'C\' 10KA','16','2024-07-13 00:51:47',16,NULL),(182,'2','Enchufes',3,3.67,'45',0.75,0.30,0.81,0.93,'inductance','2X25 30mA',1.50,'a1','H07Z1',17.00,'feeder',3.96,0.220,NULL,3.67,NULL,'2024-07-13 00:52:16','1X6 \'C\' 10KA','16','2024-07-13 00:52:16',16,NULL),(183,'3','Enchufes',1,1.22,'10',0.25,0.10,0.27,0.93,'inductance','2X25 30mA',1.50,'a1','H07Z1',17.00,'feeder',0.29,0.220,NULL,NULL,1.22,'2024-07-13 00:52:41','1X6 \'C\' 10KA','16','2024-07-13 00:52:41',16,NULL),(185,'4','Chapa Eléctrica',1,24.44,'50',5.00,1.98,5.38,0.93,'inductance','2X40 30mA',10.00,'a1','H07Z1',54.00,'feeder',4.40,0.220,24.44,NULL,NULL,'2024-07-13 00:57:22','1X32 \'C\' 10KA','32','2024-07-13 00:57:22',16,NULL),(186,'5','Porton Electrico',1,24.44,'43.2',5.00,1.98,5.38,0.93,'inductance','2X40 30mA',10.00,'a1','H07Z1',54.00,'feeder',3.80,0.220,NULL,24.44,NULL,'2024-07-13 00:58:14','1X32 \'C\' 10KA','32','2024-07-13 00:58:14',16,NULL),(207,'1','Living',4,6.70,'11',1.40,-0.46,1.47,0.95,'capacitance','2X25 30mA',1.50,'b1','RV-K',20.00,'feeder',1.77,0.220,6.70,NULL,NULL,'2024-07-14 02:32:28','1X10 \'C\' 10KA','16','2024-07-14 02:32:28',18,NULL),(208,'2','Comedor',9,2.44,'40',0.50,0.20,0.54,0.93,'inductance','2X25 30mA',1.50,'b1','RZ1',20.00,'feeder',2.34,0.220,NULL,2.44,NULL,'2024-07-14 02:33:20','1X6 \'C\' 10KA','16','2024-07-14 02:33:20',18,NULL),(209,'3','Comer',12,0.54,'15',0.11,0.04,0.12,0.93,'inductance','2X25 30mA',1.50,'a2','RZ1',17.00,'feeder',0.19,0.220,NULL,NULL,0.54,'2024-07-14 02:34:13','1X6 \'C\' 10KA','16','2024-07-14 02:34:13',18,NULL),(210,'4','Cocina',3,10.77,'21',2.25,-0.74,2.37,0.95,'capacitance','2X25 30mA',2.50,'a2','RV',22.00,'feeder',3.26,0.220,10.77,NULL,NULL,'2024-07-14 02:35:13','1X16 \'C\' 10KA','20','2024-07-14 02:35:13',18,NULL),(211,'5','Taller',2,2.44,'7',0.50,0.20,0.54,0.93,'inductance','2X25 30mA',1.50,'a2','RV-K',17.00,'feeder',0.41,0.220,NULL,NULL,NULL,'2024-07-14 02:37:16','1X6 \'C\' 10KA','16','2024-07-14 02:37:16',18,NULL),(212,'6','Cocina',3,7.77,'8.5',1.59,0.63,1.71,0.93,'inductance','2X25 30mA',1.50,'a1','RZ1-K',17.00,'feeder',1.59,0.220,NULL,NULL,NULL,'2024-07-14 02:41:33','1X10 \'C\' 10KA','16','2024-07-14 02:41:33',18,NULL),(213,'26','Taller',1,30.90,'25.3',17.90,7.05,20.34,0.88,'inductance','4X40 300mA',6.00,'a1','RZ1-K',40.00,'feeder',2.35,0.380,30.90,30.90,30.90,'2024-07-14 12:21:16','3X40 \'C\' 10KA','40','2024-07-14 12:21:16',12,NULL);
/*!40000 ALTER TABLE `circuits` ENABLE KEYS */;
UNLOCK TABLES;

--
-- Table structure for table `conduits`
--

DROP TABLE IF EXISTS `conduits`;
/*!40101 SET @saved_cs_client     = @@character_set_client */;
/*!50503 SET character_set_client = utf8mb4 */;
CREATE TABLE `conduits` (
  `id` int NOT NULL AUTO_INCREMENT,
  `nameconduit` varchar(255) DEFAULT NULL,
  `c1` int DEFAULT NULL,
  `c2` int DEFAULT NULL,
  `c3` int DEFAULT NULL,
  `c4` int DEFAULT NULL,
  `c5` int DEFAULT NULL,
  `created_at` datetime DEFAULT CURRENT_TIMESTAMP,
  `updated_at` datetime DEFAULT CURRENT_TIMESTAMP,
  PRIMARY KEY (`id`)
) ENGINE=InnoDB AUTO_INCREMENT=16 DEFAULT CHARSET=utf8mb3;
/*!40101 SET character_set_client = @saved_cs_client */;

--
-- Dumping data for table `conduits`
--

LOCK TABLES `conduits` WRITE;
/*!40000 ALTER TABLE `conduits` DISABLE KEYS */;
INSERT INTO `conduits` VALUES (1,'1.5',16,16,16,20,25,'2024-05-10 17:27:59','2024-05-10 17:27:59'),(2,'2.5',16,20,20,32,32,'2024-05-10 17:27:59','2024-05-10 17:27:59'),(3,'4',16,25,25,32,40,'2024-05-10 17:27:59','2024-05-10 17:27:59'),(4,'6',16,25,32,32,40,'2024-05-10 17:27:59','2024-05-10 17:27:59'),(5,'10',20,32,32,40,50,'2024-05-10 17:27:59','2024-05-10 17:27:59'),(6,'16',25,32,40,50,50,'2024-05-10 17:27:59','2024-05-10 17:27:59'),(7,'25',25,40,50,50,63,'2024-05-10 17:27:59','2024-05-10 17:27:59'),(8,'35',32,40,50,63,63,'2024-05-10 17:27:59','2024-05-10 17:27:59'),(9,'50',32,50,63,63,75,'2024-05-10 17:27:59','2024-05-10 17:27:59'),(10,'70',40,50,63,75,75,'2024-05-10 17:27:59','2024-05-10 17:27:59'),(11,'95',40,63,75,100,100,'2024-05-10 17:27:59','2024-05-10 17:27:59'),(12,'120',50,63,75,100,100,'2024-05-10 17:27:59','2024-05-10 17:27:59'),(13,'150',50,75,100,100,125,'2024-05-10 17:27:59','2024-05-10 17:27:59'),(14,'185',63,75,100,125,125,'2024-05-10 17:27:59','2024-05-10 17:27:59'),(15,'240',63,100,125,125,150,'2024-05-10 17:27:59','2024-05-10 17:27:59');
/*!40000 ALTER TABLE `conduits` ENABLE KEYS */;
UNLOCK TABLES;

--
-- Table structure for table `conduitsubte`
--

DROP TABLE IF EXISTS `conduitsubte`;
/*!40101 SET @saved_cs_client     = @@character_set_client */;
/*!50503 SET character_set_client = utf8mb4 */;
CREATE TABLE `conduitsubte` (
  `id` int unsigned NOT NULL AUTO_INCREMENT,
  `namesubte` varchar(255) DEFAULT NULL,
  `c1` int DEFAULT NULL,
  `c2` int DEFAULT NULL,
  `c3` int DEFAULT NULL,
  `c4` int DEFAULT NULL,
  `c5` int DEFAULT NULL,
  `created_at` datetime DEFAULT CURRENT_TIMESTAMP,
  `updated_at` datetime DEFAULT CURRENT_TIMESTAMP,
  PRIMARY KEY (`id`)
) ENGINE=InnoDB AUTO_INCREMENT=16 DEFAULT CHARSET=utf8mb3;
/*!40101 SET character_set_client = @saved_cs_client */;

--
-- Dumping data for table `conduitsubte`
--

LOCK TABLES `conduitsubte` WRITE;
/*!40000 ALTER TABLE `conduitsubte` DISABLE KEYS */;
INSERT INTO `conduitsubte` VALUES (1,'1.5',25,25,25,32,32,'2024-05-10 17:27:59','2024-05-10 17:27:59'),(2,'2.5',25,25,32,32,40,'2024-05-10 17:27:59','2024-05-10 17:27:59'),(3,'4',25,32,40,40,40,'2024-05-10 17:27:59','2024-05-10 17:27:59'),(4,'6',32,32,50,50,50,'2024-05-10 17:27:59','2024-05-10 17:27:59'),(5,'10',40,50,63,63,63,'2024-05-10 17:27:59','2024-05-10 17:27:59'),(6,'16',50,50,63,63,63,'2024-05-10 17:27:59','2024-05-10 17:27:59'),(7,'25',63,63,75,75,75,'2024-05-10 17:27:59','2024-05-10 17:27:59'),(8,'35',63,75,75,90,90,'2024-05-10 17:27:59','2024-05-10 17:27:59'),(9,'50',75,75,90,90,110,'2024-05-10 17:27:59','2024-05-10 17:27:59'),(10,'70',90,90,110,110,110,'2024-05-10 17:27:59','2024-05-10 17:27:59'),(11,'95',110,110,110,140,140,'2024-05-10 17:27:59','2024-05-10 17:27:59'),(12,'120',140,140,160,160,160,'2024-05-10 17:27:59','2024-05-10 17:27:59'),(13,'150',160,160,180,180,180,'2024-05-10 17:27:59','2024-05-10 17:27:59'),(14,'185',180,180,180,180,200,'2024-05-10 17:27:59','2024-05-10 17:27:59'),(15,'240',225,225,225,225,250,'2024-05-10 17:27:59','2024-05-10 17:27:59');
/*!40000 ALTER TABLE `conduitsubte` ENABLE KEYS */;
UNLOCK TABLES;

--
-- Table structure for table `jobs`
--

DROP TABLE IF EXISTS `jobs`;
/*!40101 SET @saved_cs_client     = @@character_set_client */;
/*!50503 SET character_set_client = utf8mb4 */;
CREATE TABLE `jobs` (
  `id` int NOT NULL AUTO_INCREMENT,
  `user_id` int NOT NULL,
  `title` varchar(45) DEFAULT NULL,
  `description` varchar(255) DEFAULT NULL,
  `start` datetime DEFAULT NULL,
  `end` datetime DEFAULT NULL,
  `created_at` datetime DEFAULT NULL,
  `update_at` datetime DEFAULT NULL,
  `proyect_id` int NOT NULL,
  PRIMARY KEY (`id`),
  KEY `fk_jobs_users1_idx` (`user_id`),
  KEY `fk_jobs_proyects2_idx` (`proyect_id`),
  CONSTRAINT `fk_jobs_proyects2` FOREIGN KEY (`proyect_id`) REFERENCES `proyects` (`id`),
  CONSTRAINT `fk_jobs_users1` FOREIGN KEY (`user_id`) REFERENCES `users` (`id`)
) ENGINE=InnoDB DEFAULT CHARSET=utf8mb3;
/*!40101 SET character_set_client = @saved_cs_client */;

--
-- Dumping data for table `jobs`
--

LOCK TABLES `jobs` WRITE;
/*!40000 ALTER TABLE `jobs` DISABLE KEYS */;
/*!40000 ALTER TABLE `jobs` ENABLE KEYS */;
UNLOCK TABLES;

--
-- Table structure for table `loads`
--

DROP TABLE IF EXISTS `loads`;
/*!40101 SET @saved_cs_client     = @@character_set_client */;
/*!50503 SET character_set_client = utf8mb4 */;
CREATE TABLE `loads` (
  `id` int NOT NULL AUTO_INCREMENT,
  `qty` int DEFAULT NULL,
  `active_power` decimal(9,2) DEFAULT NULL,
  `total_active_power` decimal(9,2) DEFAULT NULL,
  `total_reactive_power` decimal(6,2) DEFAULT NULL,
  `total_apparent_power` decimal(6,2) DEFAULT NULL,
  `voltage` decimal(4,3) DEFAULT NULL,
  `fp` decimal(6,2) DEFAULT NULL,
  `total_current` decimal(9,2) DEFAULT NULL,
  `length` varchar(45) DEFAULT NULL,
  `nameloads` varchar(255) DEFAULT NULL,
  `impedance` varchar(255) DEFAULT NULL,
  `created_at` datetime DEFAULT CURRENT_TIMESTAMP,
  `updated_at` datetime DEFAULT CURRENT_TIMESTAMP,
  `circuit_id` int NOT NULL,
  PRIMARY KEY (`id`),
  KEY `fk_loads_circuits1_idx` (`circuit_id`),
  CONSTRAINT `fk_loads_circuits1` FOREIGN KEY (`circuit_id`) REFERENCES `circuits` (`id`)
) ENGINE=InnoDB AUTO_INCREMENT=218 DEFAULT CHARSET=utf8mb3;
/*!40101 SET character_set_client = @saved_cs_client */;

--
-- Dumping data for table `loads`
--

LOCK TABLES `loads` WRITE;
/*!40000 ALTER TABLE `loads` DISABLE KEYS */;
INSERT INTO `loads` VALUES (21,6,350.00,2.10,-0.69,2.21,0.220,0.95,10.05,'50','Computador','capacitance','2024-05-23 23:34:41','2024-05-23 23:34:41',23),(22,1,3000.00,3.00,1.18,3.41,0.380,0.88,5.18,'20','Calenfont','inductance','2024-06-07 17:44:33','2024-06-07 17:44:33',24),(23,2,1990.00,3.98,1.81,4.68,0.380,0.85,7.11,'11.50','Motor azul','inductance','2024-06-07 17:46:55','2024-06-07 17:46:55',25),(24,2,2500.00,5.00,-1.64,5.26,0.220,0.95,13.81,'25','Fresadora','capacitance','2024-06-07 17:47:45','2024-06-07 17:47:45',25),(25,4,2900.00,11.60,6.48,14.50,0.380,0.80,22.03,'40','Cabinas','inductance','2024-06-07 18:00:11','2024-06-07 18:00:11',26),(26,2,1000.00,2.00,-0.66,2.11,0.220,0.95,9.57,'30','Computadores','capacitance','2024-06-07 18:02:11','2024-06-07 18:02:11',27),(27,2,4000.00,8.00,2.81,8.89,0.380,0.90,13.51,'50','Motores','inductance','2024-06-07 18:05:42','2024-06-07 18:05:42',28),(28,3,1780.00,5.34,2.98,6.67,0.380,0.80,10.14,'25','Compresor','inductance','2024-06-07 18:07:36','2024-06-07 18:07:36',29),(29,2,1800.00,3.60,1.02,3.87,0.220,0.93,10.16,'30','Motor 4','inductance','2024-06-07 18:10:32','2024-06-07 18:10:32',29),(30,3,890.00,2.67,-0.88,2.81,0.220,0.95,12.78,'40','Termoelectrico','capacitance','2024-06-07 18:12:32','2024-06-07 18:12:32',30),(32,4,1000.00,4.00,-1.31,4.21,0.220,0.95,19.14,'40','Chapa electrica','capacitance','2024-06-07 18:17:13','2024-06-07 18:17:13',32),(33,4,2700.00,10.80,4.02,12.13,0.380,0.89,18.44,'40','Bombas de agua','inductance','2024-06-07 18:22:30','2024-06-07 18:22:30',33),(34,4,3100.00,12.40,5.14,14.25,0.380,0.87,21.66,'50','Motor cortinas','inductance','2024-06-07 18:25:28','2024-06-07 18:25:28',34),(35,4,2200.00,8.80,-4.26,9.78,0.380,0.90,14.86,'37.90','Cobradores electricos','capacitance','2024-06-07 18:57:41','2024-06-07 18:57:41',35),(36,1,2000.00,2.00,0.79,2.15,0.220,0.93,9.78,'20','Bomba piscina','inductance','2024-06-07 18:58:43','2024-06-07 18:58:43',36),(38,2,2000.00,4.00,-1.31,4.21,0.220,0.95,19.14,'40','Calenfot','capacitance','2024-06-10 21:30:54','2024-06-10 21:30:54',38),(39,2,3800.00,7.60,2.99,8.64,0.380,0.88,13.12,'20','Motor trifasico','inductance','2024-06-10 21:49:30','2024-06-10 21:49:30',39),(40,12,110.00,1.32,-0.43,1.39,0.220,0.95,6.32,'50','Computadores','capacitance','2024-06-12 09:21:01','2024-06-12 09:21:01',40),(41,20,50.00,1.00,0.39,1.14,0.380,0.88,1.73,'50','Casa','inductance','2024-06-14 09:26:54','2024-06-14 09:26:54',41),(42,4,405.00,1.62,-0.78,1.80,0.380,0.90,2.73,'15','Chiller','capacitance','2024-06-14 19:03:07','2024-06-14 19:03:07',42),(43,2,2000.00,4.00,1.66,4.60,0.380,0.87,6.99,'20','Motor','inductance','2024-07-08 23:56:53','2024-07-08 23:56:53',43),(45,2,500.00,1.00,0.40,1.08,0.220,0.93,4.89,'25','Luces ','inductance','2024-07-09 18:08:23','2024-07-09 18:08:23',45),(59,21,3.00,0.06,0.02,0.07,0.380,0.90,0.10,'52','Iluminacion','inductance','2024-07-12 00:44:50','2024-07-12 00:44:50',58),(71,6,85.00,0.51,-0.17,0.54,0.220,0.95,2.44,'50','Iluminación','capacitance','2024-07-12 19:44:08','2024-07-12 19:44:08',69),(72,6,85.00,0.51,-0.17,0.54,0.220,0.95,2.44,'100','Oficina','capacitance','2024-07-12 19:46:35','2024-07-12 19:46:35',70),(75,6,85.00,0.51,-0.17,0.54,0.220,0.95,2.44,'100','Illuminación','capacitance','2024-07-12 23:07:21','2024-07-12 23:07:21',73),(76,6,85.00,0.51,-0.17,0.54,0.220,0.95,2.44,'100','Iluminación','capacitance','2024-07-12 23:08:09','2024-07-12 23:08:09',74),(77,6,85.00,0.51,-0.17,0.54,0.220,0.95,2.44,'100','Iluminación','capacitance','2024-07-12 23:11:17','2024-07-12 23:11:17',75),(78,6,85.00,0.51,-0.17,0.54,0.220,0.95,2.44,'100','Iluminación','capacitance','2024-07-12 23:11:50','2024-07-12 23:11:50',76),(79,8,38.00,0.30,-0.10,0.32,0.220,0.95,1.44,'100','Iluminacion','capacitance','2024-07-12 23:16:58','2024-07-12 23:16:58',77),(82,14,38.00,0.53,-0.17,0.56,0.220,0.95,2.54,'100','Iluminación','capacitance','2024-07-12 23:18:53','2024-07-12 23:18:53',80),(83,11,95.00,1.04,-0.34,1.09,0.220,0.95,4.98,'100','Enchufe','capacitance','2024-07-12 23:19:36','2024-07-12 23:19:36',81),(85,7,95.00,0.67,-0.22,0.71,0.220,0.95,3.21,'100','Enchufe','capacitance','2024-07-12 23:20:41','2024-07-12 23:20:41',83),(86,6,95.00,0.57,-0.19,0.60,0.220,0.95,2.73,'100','Enchufes','capacitance','2024-07-12 23:21:27','2024-07-12 23:21:27',84),(87,2,250.00,0.50,-0.17,0.53,0.220,0.95,2.39,'100','Enchufes','capacitance','2024-07-12 23:22:13','2024-07-12 23:22:13',85),(88,4,250.00,1.00,-0.33,1.05,0.220,0.95,4.78,'100','Enchufes','capacitance','2024-07-12 23:22:47','2024-07-12 23:22:47',86),(89,1,8951.00,8.95,3.52,10.17,0.380,0.88,15.45,'100','Enchufe','inductance','2024-07-12 23:24:17','2024-07-12 23:24:17',87),(90,1,2992.00,2.99,1.18,3.22,0.220,0.93,14.61,'50','Enchufe','inductance','2024-07-12 23:25:35','2024-07-12 23:25:35',88),(91,1,8951.00,8.95,3.52,10.17,0.380,0.88,15.45,'50','Enchufe','inductance','2024-07-12 23:26:30','2024-07-12 23:26:30',89),(92,1,2992.00,2.99,1.18,3.22,0.220,0.93,14.61,'50','Enchufe','inductance','2024-07-12 23:27:13','2024-07-12 23:27:13',90),(93,4,250.00,1.00,0.40,1.08,0.220,0.93,4.89,'50','Enchufe','inductance','2024-07-12 23:27:46','2024-07-12 23:27:46',91),(94,1,8951.00,8.95,3.52,10.17,0.380,0.88,15.45,'50','Enchufe','inductance','2024-07-12 23:28:38','2024-07-12 23:28:38',92),(95,1,2992.00,2.99,1.18,3.22,0.220,0.93,14.61,'50','Enchufe','inductance','2024-07-12 23:29:25','2024-07-12 23:29:25',93),(96,1,8951.00,8.95,3.52,10.17,0.380,0.88,15.45,'50','Enchufe','inductance','2024-07-12 23:30:04','2024-07-12 23:30:04',94),(97,1,2992.00,2.99,1.18,3.22,0.220,0.93,14.61,'50','Enchufe','inductance','2024-07-12 23:30:43','2024-07-12 23:30:43',95),(98,1,8951.00,8.95,3.34,10.06,0.380,0.89,15.28,'50','Enchufe','inductance','2024-07-12 23:39:53','2024-07-12 23:39:53',99),(99,1,8951.00,8.95,3.34,10.06,0.380,0.89,15.28,'50','Enchufe','inductance','2024-07-12 23:40:36','2024-07-12 23:40:36',100),(100,1,8951.00,8.95,3.34,10.06,0.380,0.89,15.28,'50','Enchufe','inductance','2024-07-12 23:41:05','2024-07-12 23:41:05',101),(138,7,85.00,0.59,-0.19,0.62,0.220,0.95,2.82,'30','Iluminacion','capacitance','2024-07-13 00:15:20','2024-07-13 00:15:20',133),(139,5,85.00,0.42,-0.14,0.44,0.220,0.95,2.01,'36','Iluminacion','capacitance','2024-07-13 00:15:58','2024-07-13 00:15:58',134),(140,8,36.00,0.29,-0.10,0.31,0.220,0.95,1.39,'26','Iluminacion','capacitance','2024-07-13 00:17:01','2024-07-13 00:17:01',135),(141,9,28.00,0.25,-0.08,0.26,0.220,0.95,1.20,'34','Iluminacion','capacitance','2024-07-13 00:17:42','2024-07-13 00:17:42',136),(142,9,28.00,0.25,-0.08,0.26,0.220,0.95,1.20,'35','Iluminacion','capacitance','2024-07-13 00:18:30','2024-07-13 00:18:30',137),(143,6,28.00,0.17,-0.06,0.18,0.220,0.95,0.81,'71','Iluminacion','capacitance','2024-07-13 00:19:12','2024-07-13 00:19:12',138),(144,13,38.00,0.49,-0.16,0.52,0.220,0.95,2.34,'34.30','Iluminacion','capacitance','2024-07-13 00:19:49','2024-07-13 00:19:49',139),(145,10,38.00,0.38,-0.12,0.40,0.220,0.95,1.82,'54','Iluminacion','capacitance','2024-07-13 00:20:23','2024-07-13 00:20:23',140),(146,2,250.00,0.50,0.20,0.54,0.220,0.93,2.44,'36','Enchufes','inductance','2024-07-13 00:20:55','2024-07-13 00:20:55',141),(147,2,250.00,0.50,0.20,0.54,0.220,0.93,2.44,'63','Enchufes ','inductance','2024-07-13 00:21:23','2024-07-13 00:21:23',142),(148,6,250.00,1.50,0.59,1.61,0.220,0.93,7.33,'69','Enchufes','inductance','2024-07-13 00:21:57','2024-07-13 00:21:57',143),(149,6,250.00,1.50,0.59,1.61,0.220,0.93,7.33,'67','Enchufes','inductance','2024-07-13 00:22:24','2024-07-13 00:22:24',144),(150,4,250.00,1.00,0.40,1.08,0.220,0.93,4.89,'12.36','Enchufes','inductance','2024-07-13 00:22:56','2024-07-13 00:22:56',145),(151,3,250.00,0.75,0.30,0.81,0.220,0.93,3.67,'36','Enchufes','inductance','2024-07-13 00:23:23','2024-07-13 00:23:23',146),(152,4,250.00,1.00,-0.33,1.05,0.220,0.95,4.78,'46','Enchufes','capacitance','2024-07-13 00:23:53','2024-07-13 00:23:53',147),(153,5,250.00,1.25,0.49,1.34,0.220,0.93,6.11,'77.30','Enchufes','inductance','2024-07-13 00:24:25','2024-07-13 00:24:25',148),(154,3,250.00,0.75,-0.25,0.79,0.220,0.95,3.59,'49.52','Enchufes','capacitance','2024-07-13 00:24:55','2024-07-13 00:24:55',149),(155,3,250.00,0.75,0.30,0.81,0.220,0.93,3.67,'55','Enchufes','inductance','2024-07-13 00:26:45','2024-07-13 00:26:45',150),(156,4,250.00,1.00,0.40,1.08,0.220,0.93,4.89,'36','Enchufes','inductance','2024-07-13 00:27:19','2024-07-13 00:27:19',151),(157,4,250.00,1.00,0.40,1.08,0.220,0.93,4.89,'34','Enchufes','inductance','2024-07-13 00:27:46','2024-07-13 00:27:46',152),(158,2,250.00,0.50,0.20,0.54,0.220,0.93,2.44,'37','Enchufes','inductance','2024-07-13 00:28:32','2024-07-13 00:28:32',153),(159,1,2992.00,2.99,1.18,3.22,0.220,0.93,14.61,'75','Enchufes','inductance','2024-07-13 00:29:09','2024-07-13 00:29:09',154),(160,1,8951.00,8.95,3.71,10.29,0.380,0.87,15.63,'34.30','Enchufes','inductance','2024-07-13 00:29:57','2024-07-13 00:29:57',155),(161,1,2992.00,2.99,1.18,3.22,0.220,0.93,14.61,'35.50','Enchufes','inductance','2024-07-13 00:30:39','2024-07-13 00:30:39',156),(162,1,250.00,0.25,0.10,0.27,0.220,0.93,1.22,'36','Enchufes','inductance','2024-07-13 00:31:18','2024-07-13 00:31:18',157),(163,3,250.00,0.75,0.30,0.81,0.220,0.93,3.67,'45','Enchufes','inductance','2024-07-13 00:32:00','2024-07-13 00:32:00',158),(164,4,250.00,1.00,0.40,1.08,0.220,0.93,4.89,'87','Enchufes','inductance','2024-07-13 00:32:29','2024-07-13 00:32:29',159),(165,2,250.00,0.50,0.20,0.54,0.220,0.93,2.44,'75.30','Enchufes','inductance','2024-07-13 00:33:00','2024-07-13 00:33:00',160),(166,1,250.00,0.25,0.10,0.27,0.220,0.93,1.22,'43.60','Enchufes','inductance','2024-07-13 00:33:33','2024-07-13 00:33:33',161),(167,2,250.00,0.50,0.20,0.54,0.220,0.93,2.44,'64.30','Enchufes','inductance','2024-07-13 00:34:00','2024-07-13 00:34:00',162),(169,6,38.00,0.23,-0.07,0.24,0.220,0.95,1.10,'32.20','Iluminacion','capacitance','2024-07-13 00:36:09','2024-07-13 00:36:09',164),(170,3,28.00,0.08,-0.02,0.08,0.220,0.95,0.38,'12.56','Led Embutido','capacitance','2024-07-13 00:36:34','2024-07-13 00:36:34',164),(171,1,5.00,0.01,0.00,0.01,0.220,0.95,0.05,'34.36','Señaletica Salida','capacitance','2024-07-13 00:37:06','2024-07-13 00:37:06',164),(172,15,29.00,0.43,-0.14,0.45,0.220,0.95,2.06,'85','Iluminacion','capacitance','2024-07-13 00:37:58','2024-07-13 00:37:58',165),(173,8,29.00,0.23,-0.07,0.24,0.220,0.95,1.10,'75','Iluminación','capacitance','2024-07-13 00:38:40','2024-07-13 00:38:40',166),(174,46,38.00,1.75,0.69,1.88,0.220,0.93,8.55,'31','Iluminacion','inductance','2024-07-13 00:39:24','2024-07-13 00:39:24',167),(175,14,38.00,0.53,-0.17,0.56,0.220,0.95,2.54,'54','Iluminación','capacitance','2024-07-13 00:40:11','2024-07-13 00:40:11',168),(176,1,5.00,0.01,0.00,0.01,0.220,0.95,0.05,'34','Señaletica Salida','capacitance','2024-07-13 00:40:34','2024-07-13 00:40:34',167),(177,6,250.00,1.50,0.59,1.61,0.220,0.93,7.33,'27','Enchufe','inductance','2024-07-13 00:41:28','2024-07-13 00:41:28',169),(178,3,250.00,0.75,0.30,0.81,0.220,0.93,3.67,'54','Enchufes','inductance','2024-07-13 00:42:01','2024-07-13 00:42:01',170),(179,3,250.00,0.75,0.30,0.81,0.220,0.93,3.67,'11.50','Enchufes','inductance','2024-07-13 00:42:39','2024-07-13 00:42:39',171),(180,3,250.00,0.75,0.30,0.81,0.220,0.93,3.67,'11.30','Enchufes','inductance','2024-07-13 00:43:05','2024-07-13 00:43:05',172),(181,4,250.00,1.00,0.40,1.08,0.220,0.93,4.89,'12.36','Enchufes','inductance','2024-07-13 00:43:45','2024-07-13 00:43:45',173),(182,4,250.00,1.00,0.40,1.08,0.220,0.93,4.89,'32','Enchufes','inductance','2024-07-13 00:44:31','2024-07-13 00:44:31',174),(183,7,250.00,1.75,0.69,1.88,0.220,0.93,8.55,'37','Enchufes','inductance','2024-07-13 00:45:54','2024-07-13 00:45:54',175),(184,4,250.00,1.00,0.40,1.08,0.220,0.93,4.89,'66','Enchufes','inductance','2024-07-13 00:46:30','2024-07-13 00:46:30',176),(185,4,250.00,1.00,0.40,1.08,0.220,0.93,4.89,'36','Enchufes','inductance','2024-07-13 00:47:02','2024-07-13 00:47:02',177),(186,2,250.00,0.50,0.20,0.54,0.220,0.93,2.44,'97','Enchufes','inductance','2024-07-13 00:47:39','2024-07-13 00:47:39',178),(187,4,250.00,1.00,0.40,1.08,0.220,0.93,4.89,'37','Enchufes','inductance','2024-07-13 00:48:31','2024-07-13 00:48:31',179),(189,3,28.00,0.08,0.03,0.09,0.220,0.93,0.39,'36','Iluminacion','inductance','2024-07-13 00:51:47','2024-07-13 00:51:47',181),(190,3,250.00,0.75,0.30,0.81,0.220,0.93,3.67,'45','Enchufes','inductance','2024-07-13 00:52:16','2024-07-13 00:52:16',182),(191,1,250.00,0.25,0.10,0.27,0.220,0.93,1.22,'10','Enchufes','inductance','2024-07-13 00:52:41','2024-07-13 00:52:41',183),(193,1,5000.00,5.00,1.98,5.38,0.220,0.93,24.44,'50','Arranque','inductance','2024-07-13 00:57:22','2024-07-13 00:57:22',185),(194,1,5000.00,5.00,1.98,5.38,0.220,0.93,24.44,'43.20','Arranque','inductance','2024-07-13 00:58:14','2024-07-13 00:58:14',186),(207,4,350.00,1.40,-0.46,1.47,0.220,0.95,6.70,'11','TV','capacitance','2024-07-14 02:32:28','2024-07-14 02:32:28',207),(208,9,56.00,0.50,0.20,0.54,0.220,0.93,2.44,'40','Luces','inductance','2024-07-14 02:33:20','2024-07-14 02:33:20',208),(209,12,9.00,0.11,0.04,0.12,0.220,0.93,0.54,'15','Enchufes','inductance','2024-07-14 02:34:13','2024-07-14 02:34:13',209),(210,3,750.00,2.25,-0.74,2.37,0.220,0.95,10.77,'21','Hervidor','capacitance','2024-07-14 02:35:13','2024-07-14 02:35:13',210),(211,2,250.00,0.50,0.20,0.54,0.220,0.93,2.44,'7','Motor','inductance','2024-07-14 02:37:16','2024-07-14 02:37:16',211),(212,3,530.00,1.59,0.63,1.71,0.220,0.93,7.77,'8.50','Juguera','inductance','2024-07-14 02:41:33','2024-07-14 02:41:33',212),(213,1,17903.00,17.90,7.05,20.34,0.380,0.88,30.90,'25.30','Motor 1','inductance','2024-07-14 12:21:16','2024-07-14 12:21:16',213);
/*!40000 ALTER TABLE `loads` ENABLE KEYS */;
UNLOCK TABLES;

--
-- Table structure for table `proyects`
--

DROP TABLE IF EXISTS `proyects`;
/*!40101 SET @saved_cs_client     = @@character_set_client */;
/*!50503 SET character_set_client = utf8mb4 */;
CREATE TABLE `proyects` (
  `id` int NOT NULL AUTO_INCREMENT,
  `name` varchar(45) NOT NULL,
  `user_id` int NOT NULL,
  `created_at` datetime DEFAULT NULL,
  `updated_at` datetime DEFAULT CURRENT_TIMESTAMP,
  PRIMARY KEY (`id`),
  KEY `fk_proyects_users_idx` (`user_id`),
  CONSTRAINT `fk_proyects_users` FOREIGN KEY (`user_id`) REFERENCES `users` (`id`)
) ENGINE=InnoDB AUTO_INCREMENT=5 DEFAULT CHARSET=utf8mb3;
/*!40101 SET character_set_client = @saved_cs_client */;

--
-- Dumping data for table `proyects`
--

LOCK TABLES `proyects` WRITE;
/*!40000 ALTER TABLE `proyects` DISABLE KEYS */;
INSERT INTO `proyects` VALUES (1,'Empresa Verde',1,'2024-05-10 17:27:38','2024-05-10 17:27:38'),(2,'Empresa Azul',1,'2024-06-10 19:47:48','2024-06-10 19:47:48'),(4,'Lucho',1,'2024-07-12 19:42:12','2024-07-12 19:42:12');
/*!40000 ALTER TABLE `proyects` ENABLE KEYS */;
UNLOCK TABLES;

--
-- Table structure for table `singles_breakers`
--

DROP TABLE IF EXISTS `singles_breakers`;
/*!40101 SET @saved_cs_client     = @@character_set_client */;
/*!50503 SET character_set_client = utf8mb4 */;
CREATE TABLE `singles_breakers` (
  `id` int NOT NULL AUTO_INCREMENT,
  `name` varchar(255) DEFAULT NULL,
  `capacity` int DEFAULT NULL,
  `created_at` datetime DEFAULT NULL,
  `updated_at` datetime DEFAULT NULL,
  PRIMARY KEY (`id`)
) ENGINE=InnoDB AUTO_INCREMENT=10 DEFAULT CHARSET=utf8mb3;
/*!40101 SET character_set_client = @saved_cs_client */;

--
-- Dumping data for table `singles_breakers`
--

LOCK TABLES `singles_breakers` WRITE;
/*!40000 ALTER TABLE `singles_breakers` DISABLE KEYS */;
INSERT INTO `singles_breakers` VALUES (1,'1X6 \'C\' 10KA',6,'2024-05-10 17:27:59','2024-05-10 17:27:59'),(2,'1X10 \'C\' 10KA',10,'2024-05-10 17:27:59','2024-05-10 17:27:59'),(3,'1X16 \'C\' 10KA',16,'2024-05-10 17:27:59','2024-05-10 17:27:59'),(4,'1X20 \'C\' 10KA',20,'2024-05-10 17:27:59','2024-05-10 17:27:59'),(5,'1X25 \'C\' 10KA',25,'2024-05-10 17:27:59','2024-05-10 17:27:59'),(6,'1X32 \'C\' 10KA',32,'2024-05-10 17:27:59','2024-05-10 17:27:59'),(7,'1X40 \'C\' 10KA',40,'2024-05-10 17:27:59','2024-05-10 17:27:59'),(8,'1X50 \'C\' 10KA',50,'2024-05-10 17:27:59','2024-05-10 17:27:59'),(9,'1X100 \'C\' 10KA',100,'2024-05-10 17:27:59','2024-05-10 17:27:59');
/*!40000 ALTER TABLE `singles_breakers` ENABLE KEYS */;
UNLOCK TABLES;

--
-- Table structure for table `singles_elect_diff`
--

DROP TABLE IF EXISTS `singles_elect_diff`;
/*!40101 SET @saved_cs_client     = @@character_set_client */;
/*!50503 SET character_set_client = utf8mb4 */;
CREATE TABLE `singles_elect_diff` (
  `id` int NOT NULL AUTO_INCREMENT,
  `name` varchar(255) DEFAULT NULL,
  `capacity` int DEFAULT NULL,
  `created_at` datetime DEFAULT CURRENT_TIMESTAMP,
  `updated_at` datetime DEFAULT CURRENT_TIMESTAMP,
  PRIMARY KEY (`id`)
) ENGINE=InnoDB AUTO_INCREMENT=4 DEFAULT CHARSET=utf8mb3;
/*!40101 SET character_set_client = @saved_cs_client */;

--
-- Dumping data for table `singles_elect_diff`
--

LOCK TABLES `singles_elect_diff` WRITE;
/*!40000 ALTER TABLE `singles_elect_diff` DISABLE KEYS */;
INSERT INTO `singles_elect_diff` VALUES (1,'2X25 30mA',25,'2024-05-10 17:27:59','2024-05-10 17:27:59'),(2,'2X40 30mA',40,'2024-05-10 17:27:59','2024-05-10 17:27:59'),(3,'2X100 30mA',100,'2024-05-10 17:27:59','2024-05-10 17:27:59');
/*!40000 ALTER TABLE `singles_elect_diff` ENABLE KEYS */;
UNLOCK TABLES;

--
-- Table structure for table `tds`
--

DROP TABLE IF EXISTS `tds`;
/*!40101 SET @saved_cs_client     = @@character_set_client */;
/*!50503 SET character_set_client = utf8mb4 */;
CREATE TABLE `tds` (
  `id` int NOT NULL AUTO_INCREMENT,
  `tg_id` int NOT NULL,
  `name` varchar(45) NOT NULL,
  `tag` varchar(45) NOT NULL,
  `created_at` datetime DEFAULT NULL,
  `updated_at` datetime DEFAULT CURRENT_TIMESTAMP,
  PRIMARY KEY (`id`),
  KEY `fk_tds_tgs1_idx` (`tg_id`),
  CONSTRAINT `fk_tds_tgs1` FOREIGN KEY (`tg_id`) REFERENCES `tgs` (`id`)
) ENGINE=InnoDB AUTO_INCREMENT=7 DEFAULT CHARSET=utf8mb3;
/*!40101 SET character_set_client = @saved_cs_client */;

--
-- Dumping data for table `tds`
--

LOCK TABLES `tds` WRITE;
/*!40000 ALTER TABLE `tds` DISABLE KEYS */;
INSERT INTO `tds` VALUES (3,3,'Tablero 1er Piso','TD1','2024-06-10 21:30:20','2024-06-10 21:30:20'),(4,3,'Tablero 2do piso','P2','2024-06-12 09:10:43','2024-06-12 09:10:43');
/*!40000 ALTER TABLE `tds` ENABLE KEYS */;
UNLOCK TABLES;

--
-- Table structure for table `tgs`
--

DROP TABLE IF EXISTS `tgs`;
/*!40101 SET @saved_cs_client     = @@character_set_client */;
/*!50503 SET character_set_client = utf8mb4 */;
CREATE TABLE `tgs` (
  `id` int NOT NULL AUTO_INCREMENT,
  `proyect_id` int NOT NULL,
  `name` varchar(45) NOT NULL,
  `tag` varchar(45) NOT NULL,
  `created_at` datetime DEFAULT NULL,
  `updated_at` datetime DEFAULT CURRENT_TIMESTAMP,
  PRIMARY KEY (`id`),
  KEY `fk_tgs_proyects1_idx` (`proyect_id`),
  CONSTRAINT `fk_tgs_proyects1` FOREIGN KEY (`proyect_id`) REFERENCES `proyects` (`id`)
) ENGINE=InnoDB AUTO_INCREMENT=19 DEFAULT CHARSET=utf8mb3;
/*!40101 SET character_set_client = @saved_cs_client */;

--
-- Dumping data for table `tgs`
--

LOCK TABLES `tgs` WRITE;
/*!40000 ALTER TABLE `tgs` DISABLE KEYS */;
INSERT INTO `tgs` VALUES (3,1,'Tablero Principal 1','P1','2024-05-23 23:33:55','2024-05-23 23:33:55'),(4,1,'Tablero Principal 2','P2','2024-06-10 21:37:00','2024-06-10 21:37:00'),(12,4,'Tablero Fabrica','TG1','2024-07-12 19:42:27','2024-07-12 19:42:27'),(14,4,'Tablero 1er Piso','TDF1P','2024-07-13 00:14:33','2024-07-13 00:14:33'),(15,4,'Tablero Altillo','TDFAL','2024-07-13 00:35:30','2024-07-13 00:35:30'),(16,4,'Tablero Caseta Guardia','TDFCG','2024-07-13 00:49:53','2024-07-13 00:49:53'),(18,2,'Tablero Casa','Casa','2024-07-14 02:32:01','2024-07-14 02:32:01');
/*!40000 ALTER TABLE `tgs` ENABLE KEYS */;
UNLOCK TABLES;

--
-- Table structure for table `three_breakers`
--

DROP TABLE IF EXISTS `three_breakers`;
/*!40101 SET @saved_cs_client     = @@character_set_client */;
/*!50503 SET character_set_client = utf8mb4 */;
CREATE TABLE `three_breakers` (
  `id` int NOT NULL AUTO_INCREMENT,
  `disyuntor` varchar(255) DEFAULT NULL,
  `capacity` int DEFAULT NULL,
  `created_at` datetime DEFAULT NULL,
  `updated_at` datetime DEFAULT NULL,
  PRIMARY KEY (`id`)
) ENGINE=InnoDB AUTO_INCREMENT=14 DEFAULT CHARSET=utf8mb3;
/*!40101 SET character_set_client = @saved_cs_client */;

--
-- Dumping data for table `three_breakers`
--

LOCK TABLES `three_breakers` WRITE;
/*!40000 ALTER TABLE `three_breakers` DISABLE KEYS */;
INSERT INTO `three_breakers` VALUES (1,'3X6 \'C\' 10KA',6,'2024-05-10 17:27:59','2024-05-10 17:27:59'),(2,'3X10 \'C\' 10KA',10,'2024-05-10 17:27:59','2024-05-10 17:27:59'),(3,'3X16 \'C\' 10KA',16,'2024-05-10 17:27:59','2024-05-10 17:27:59'),(4,'3X20 \'C\' 10KA',20,'2024-05-10 17:27:59','2024-05-10 17:27:59'),(5,'3X25 \'C\' 10KA',25,'2024-05-10 17:27:59','2024-05-10 17:27:59'),(6,'3X32 \'C\' 10KA',32,'2024-05-10 17:27:59','2024-05-10 17:27:59'),(7,'3X40 \'C\' 10KA',40,'2024-05-10 17:27:59','2024-05-10 17:27:59'),(8,'3X50 \'C\' 10KA',50,'2024-05-10 17:27:59','2024-05-10 17:27:59'),(9,'3X63 \'C\' 10KA',63,'2024-05-10 17:27:59','2024-05-10 17:27:59'),(10,'3X80 \'C\' 10KA',80,'2024-05-10 17:27:59','2024-05-10 17:27:59'),(11,'3X100 \'C\' 10KA',100,'2024-05-10 17:27:59','2024-05-10 17:27:59'),(12,'3X125 \'C\' 10KA',125,'2024-05-10 17:27:59','2024-05-10 17:27:59'),(13,'3X160 \'C\' 10KA',160,'2024-05-10 17:27:59','2024-05-10 17:27:59');
/*!40000 ALTER TABLE `three_breakers` ENABLE KEYS */;
UNLOCK TABLES;

--
-- Table structure for table `three_elect_diff`
--

DROP TABLE IF EXISTS `three_elect_diff`;
/*!40101 SET @saved_cs_client     = @@character_set_client */;
/*!50503 SET character_set_client = utf8mb4 */;
CREATE TABLE `three_elect_diff` (
  `id` int NOT NULL AUTO_INCREMENT,
  `diferencial` varchar(255) DEFAULT NULL,
  `capacity` int DEFAULT NULL,
  `created_at` datetime DEFAULT CURRENT_TIMESTAMP,
  `updated_at` datetime DEFAULT CURRENT_TIMESTAMP,
  PRIMARY KEY (`id`)
) ENGINE=InnoDB AUTO_INCREMENT=9 DEFAULT CHARSET=utf8mb3;
/*!40101 SET character_set_client = @saved_cs_client */;

--
-- Dumping data for table `three_elect_diff`
--

LOCK TABLES `three_elect_diff` WRITE;
/*!40000 ALTER TABLE `three_elect_diff` DISABLE KEYS */;
INSERT INTO `three_elect_diff` VALUES (1,'4X25 300mA',25,'2024-05-10 17:27:59','2024-05-10 17:27:59'),(2,'4X40 300mA',40,'2024-05-10 17:27:59','2024-05-10 17:27:59'),(3,'4X50 300mA',50,'2024-05-10 17:27:59','2024-05-10 17:27:59'),(4,'4X63 300mA',63,'2024-05-10 17:27:59','2024-05-10 17:27:59'),(5,'4X80 300mA',80,'2024-05-10 17:27:59','2024-05-10 17:27:59'),(6,'4X100 300mA',100,'2024-05-10 17:27:59','2024-05-10 17:27:59'),(7,'4X125 300mA',125,'2024-05-10 17:27:59','2024-05-10 17:27:59'),(8,'4X160 300mA',160,'2024-05-10 17:27:59','2024-05-10 17:27:59');
/*!40000 ALTER TABLE `three_elect_diff` ENABLE KEYS */;
UNLOCK TABLES;

--
-- Table structure for table `total_tds`
--

DROP TABLE IF EXISTS `total_tds`;
/*!40101 SET @saved_cs_client     = @@character_set_client */;
/*!50503 SET character_set_client = utf8mb4 */;
CREATE TABLE `total_tds` (
  `id` int NOT NULL AUTO_INCREMENT,
  `name` varchar(255) DEFAULT NULL,
  `ref` varchar(255) DEFAULT NULL,
  `tab_secondary` int DEFAULT NULL,
  `total_center` int DEFAULT NULL,
  `total_current_ct` decimal(6,2) DEFAULT NULL,
  `total_active_power_ct` decimal(6,2) DEFAULT NULL,
  `total_apparent_power_ct` decimal(6,2) DEFAULT NULL,
  `total_reactive_power_ct` decimal(6,2) DEFAULT NULL,
  `td_fp` decimal(6,2) DEFAULT NULL,
  `td_impedance` varchar(255) DEFAULT NULL,
  `single_voltage` decimal(4,3) DEFAULT NULL,
  `created_at` datetime NOT NULL DEFAULT CURRENT_TIMESTAMP,
  `updated_at` datetime NOT NULL DEFAULT CURRENT_TIMESTAMP,
  `td_id` int NOT NULL,
  `elect_differencial` varchar(45) DEFAULT NULL,
  `secctionmm2` decimal(6,2) DEFAULT NULL,
  `method` varchar(255) DEFAULT NULL,
  `wires` varchar(255) DEFAULT NULL,
  `current_by_method` decimal(5,2) DEFAULT NULL,
  `type_circuit` varchar(255) DEFAULT NULL,
  `vp` decimal(6,2) DEFAULT NULL,
  `breakers` varchar(255) DEFAULT NULL,
  `conduit` varchar(45) DEFAULT NULL,
  `length_from_tg` varchar(45) DEFAULT NULL,
  `current_r` decimal(6,2) DEFAULT NULL,
  `current_s` decimal(6,2) DEFAULT NULL,
  `current_t` decimal(6,2) DEFAULT NULL,
  PRIMARY KEY (`id`),
  KEY `fk_total_circuits_tds_tds1_idx` (`td_id`),
  CONSTRAINT `fk_total_circuits_tds_tds1` FOREIGN KEY (`td_id`) REFERENCES `tds` (`id`)
) ENGINE=InnoDB AUTO_INCREMENT=7 DEFAULT CHARSET=utf8mb3;
/*!40101 SET character_set_client = @saved_cs_client */;

--
-- Dumping data for table `total_tds`
--

LOCK TABLES `total_tds` WRITE;
/*!40000 ALTER TABLE `total_tds` DISABLE KEYS */;
INSERT INTO `total_tds` VALUES (3,'14','Tablero 1er Piso',3,30,41.61,15.22,16.87,1.69,0.90,'inductance',0.380,'2024-06-10 21:30:20','2024-06-10 21:30:20',3,'4X63 300mA',13.30,'a2','RV',61.00,'feeder',0.59,'3X63 \'C\' 10KA','50','10.50',41.61,41.61,41.61),(4,'15','Tablero 2do piso',3,NULL,NULL,NULL,NULL,NULL,NULL,NULL,NULL,'2024-06-12 09:10:43','2024-06-12 09:10:43',4,NULL,NULL,'a2','RV-K',NULL,'feeder',NULL,NULL,NULL,'15.20',NULL,NULL,NULL);
/*!40000 ALTER TABLE `total_tds` ENABLE KEYS */;
UNLOCK TABLES;

--
-- Table structure for table `users`
--

DROP TABLE IF EXISTS `users`;
/*!40101 SET @saved_cs_client     = @@character_set_client */;
/*!50503 SET character_set_client = utf8mb4 */;
CREATE TABLE `users` (
  `id` int NOT NULL AUTO_INCREMENT,
  `first_name` varchar(45) NOT NULL,
  `last_name` varchar(45) NOT NULL,
  `company` varchar(45) NOT NULL,
  `email` varchar(45) NOT NULL,
  `password` varchar(1024) NOT NULL,
  `created_at` datetime DEFAULT NULL,
  `updated_at` datetime DEFAULT CURRENT_TIMESTAMP,
  PRIMARY KEY (`id`),
  UNIQUE KEY `email_UNIQUE` (`email`)
) ENGINE=InnoDB AUTO_INCREMENT=5 DEFAULT CHARSET=utf8mb3;
/*!40101 SET character_set_client = @saved_cs_client */;

--
-- Dumping data for table `users`
--

LOCK TABLES `users` WRITE;
/*!40000 ALTER TABLE `users` DISABLE KEYS */;
INSERT INTO `users` VALUES (1,'Enzo','Muñoz','Casa','enzo@email.com','$2b$12$wowmTgXyYtPvH9.nC/Er6eF5ryOTAlkrIRtWcZg8TYRL3K8F9AbVe','2024-05-10 17:27:19','2024-05-10 17:27:19'),(2,'Eli','Muñoz','Casa','eli@email.com','$2b$12$P9/M3zWlDz37TOcMGSkXv.oruE6qrOIhskf2kjYRMQL3N8fMQrs.K','2024-05-20 22:57:36','2024-05-20 22:57:36'),(3,'Majo','Concha','Casa','majo@email.com','$2b$12$LXBJyIoEp0CFWxZuaL0p6OxSr73OtkerVfSvyj2BQgOSIvodhcOgG','2024-07-10 13:58:34','2024-07-10 13:58:34'),(4,'Majo 2','Concha','Casa','majo2@email.com','$2b$12$lZaQ7Jl9WWeHBxe4Hnj.9OdxAiXO0hx0i0wf4KOqqHqXpe5SsgX9W','2024-07-10 14:01:31','2024-07-10 14:01:31');
/*!40000 ALTER TABLE `users` ENABLE KEYS */;
UNLOCK TABLES;

--
-- Table structure for table `wires`
--

DROP TABLE IF EXISTS `wires`;
/*!40101 SET @saved_cs_client     = @@character_set_client */;
/*!50503 SET character_set_client = utf8mb4 */;
CREATE TABLE `wires` (
  `id` int NOT NULL AUTO_INCREMENT,
  `name` varchar(255) NOT NULL,
  `created_at` datetime DEFAULT CURRENT_TIMESTAMP,
  `updated_at` datetime DEFAULT CURRENT_TIMESTAMP,
  PRIMARY KEY (`id`)
) ENGINE=InnoDB AUTO_INCREMENT=11 DEFAULT CHARSET=utf8mb3;
/*!40101 SET character_set_client = @saved_cs_client */;

--
-- Dumping data for table `wires`
--

LOCK TABLES `wires` WRITE;
/*!40000 ALTER TABLE `wires` DISABLE KEYS */;
INSERT INTO `wires` VALUES (1,'THHN','2024-05-10 17:27:59','2024-05-10 17:27:59'),(2,'RV','2024-05-10 17:27:59','2024-05-10 17:27:59'),(3,'RV-K','2024-05-10 17:27:59','2024-05-10 17:27:59'),(4,'RZ1','2024-05-10 17:27:59','2024-05-10 17:27:59'),(5,'RZ1-K','2024-05-10 17:27:59','2024-05-10 17:27:59'),(6,'H07V','2024-05-10 17:27:59','2024-05-10 17:27:59'),(7,'H07Z1','2024-05-10 17:27:59','2024-05-10 17:27:59'),(8,'THWN','2024-05-10 17:27:59','2024-05-10 17:27:59'),(9,'NYIFY','2024-05-10 17:27:59','2024-05-10 17:27:59'),(10,'ACOMETIDA','2024-05-10 17:27:59','2024-05-10 17:27:59');
/*!40000 ALTER TABLE `wires` ENABLE KEYS */;
UNLOCK TABLES;

--
-- Table structure for table `wiresh07z`
--

DROP TABLE IF EXISTS `wiresh07z`;
/*!40101 SET @saved_cs_client     = @@character_set_client */;
/*!50503 SET character_set_client = utf8mb4 */;
CREATE TABLE `wiresh07z` (
  `id` int NOT NULL AUTO_INCREMENT,
  `secction_mm2` decimal(5,2) DEFAULT NULL,
  `secction_awg` varchar(20) DEFAULT NULL,
  `a1` int DEFAULT NULL,
  `b1` int DEFAULT NULL,
  `e` int DEFAULT NULL,
  `created_at` datetime DEFAULT CURRENT_TIMESTAMP,
  `updated_at` datetime DEFAULT CURRENT_TIMESTAMP,
  PRIMARY KEY (`id`)
) ENGINE=InnoDB AUTO_INCREMENT=34 DEFAULT CHARSET=utf8mb3;
/*!40101 SET character_set_client = @saved_cs_client */;

--
-- Dumping data for table `wiresh07z`
--

LOCK TABLES `wiresh07z` WRITE;
/*!40000 ALTER TABLE `wiresh07z` DISABLE KEYS */;
INSERT INTO `wiresh07z` VALUES (1,1.50,NULL,14,16,19,'2024-05-10 17:27:59','2024-05-10 17:27:59'),(2,2.50,NULL,18,21,25,'2024-05-10 17:27:59','2024-05-10 17:27:59'),(3,3.31,'12',21,25,30,'2024-05-10 17:27:59','2024-05-10 17:27:59'),(4,4.00,NULL,24,28,34,'2024-05-10 17:27:59','2024-05-10 17:27:59'),(5,5.26,'10',28,34,40,'2024-05-10 17:27:59','2024-05-10 17:27:59'),(6,6.00,NULL,31,36,43,'2024-05-10 17:27:59','2024-05-10 17:27:59'),(7,8.37,'8',38,45,53,'2024-05-10 17:27:59','2024-05-10 17:27:59'),(8,10.00,NULL,42,50,60,'2024-05-10 17:27:59','2024-05-10 17:27:59'),(9,13.30,'6',50,60,71,'2024-05-10 17:27:59','2024-05-10 17:27:59'),(10,16.00,NULL,56,68,80,'2024-05-10 17:27:59','2024-05-10 17:27:59'),(11,21.10,'4',66,80,91,'2024-05-10 17:27:59','2024-05-10 17:27:59'),(12,25.00,NULL,73,89,101,'2024-05-10 17:27:59','2024-05-10 17:27:59'),(13,26.70,'3',76,93,106,'2024-05-10 17:27:59','2024-05-10 17:27:59'),(14,33.60,'2',87,108,122,'2024-05-10 17:27:59','2024-05-10 17:27:59'),(15,35.00,NULL,89,110,126,'2024-05-10 17:27:59','2024-05-10 17:27:59'),(16,42.40,'1',100,125,142,'2024-05-10 17:27:59','2024-05-10 17:27:59'),(17,50.00,NULL,108,134,153,'2024-05-10 17:27:59','2024-05-10 17:27:59'),(18,53.50,'1/0',116,144,165,'2024-05-10 17:27:59','2024-05-10 17:27:59'),(19,67.40,'2/0',133,167,191,'2024-05-10 17:27:59','2024-05-10 17:27:59'),(20,70.00,NULL,136,171,196,'2024-05-10 17:27:59','2024-05-10 17:27:59'),(21,85.00,'3/0',153,193,222,'2024-05-10 17:27:59','2024-05-10 17:27:59'),(22,95.00,NULL,164,207,238,'2024-05-10 17:27:59','2024-05-10 17:27:59'),(23,107.20,'4/0',176,223,257,'2024-05-10 17:27:59','2024-05-10 17:27:59'),(24,120.00,NULL,188,239,276,'2024-05-10 17:27:59','2024-05-10 17:27:59'),(25,126.70,'250',195,248,286,'2024-05-10 17:27:59','2024-05-10 17:27:59'),(26,150.00,NULL,216,262,319,'2024-05-10 17:27:59','2024-05-10 17:27:59'),(27,152.00,'300',217,264,321,'2024-05-10 17:27:59','2024-05-10 17:27:59'),(28,177.30,'350',239,289,355,'2024-05-10 17:27:59','2024-05-10 17:27:59'),(29,185.00,NULL,245,296,364,'2024-05-10 17:27:59','2024-05-10 17:27:59'),(30,202.70,'400',259,315,386,'2024-05-10 17:27:59','2024-05-10 17:27:59'),(31,240.00,NULL,286,346,430,'2024-05-10 17:27:59','2024-05-10 17:27:59'),(32,253.30,'500',296,356,446,'2024-05-10 17:27:59','2024-05-10 17:27:59'),(33,300.00,NULL,328,394,497,'2024-05-10 17:27:59','2024-05-10 17:27:59');
/*!40000 ALTER TABLE `wiresh07z` ENABLE KEYS */;
UNLOCK TABLES;

--
-- Table structure for table `wiresthrv`
--

DROP TABLE IF EXISTS `wiresthrv`;
/*!40101 SET @saved_cs_client     = @@character_set_client */;
/*!50503 SET character_set_client = utf8mb4 */;
CREATE TABLE `wiresthrv` (
  `id` int NOT NULL AUTO_INCREMENT,
  `secction_mm2` decimal(5,2) DEFAULT NULL,
  `secction_awg` varchar(20) DEFAULT NULL,
  `a1` int DEFAULT NULL,
  `a2` int DEFAULT NULL,
  `b1` int DEFAULT NULL,
  `b2` int DEFAULT NULL,
  `d1` int DEFAULT NULL,
  `d2` int DEFAULT NULL,
  `e` int DEFAULT NULL,
  `f` int DEFAULT NULL,
  `created_at` datetime DEFAULT CURRENT_TIMESTAMP,
  `updated_at` datetime DEFAULT CURRENT_TIMESTAMP,
  PRIMARY KEY (`id`)
) ENGINE=InnoDB AUTO_INCREMENT=34 DEFAULT CHARSET=utf8mb3;
/*!40101 SET character_set_client = @saved_cs_client */;

--
-- Dumping data for table `wiresthrv`
--

LOCK TABLES `wiresthrv` WRITE;
/*!40000 ALTER TABLE `wiresthrv` DISABLE KEYS */;
INSERT INTO `wiresthrv` VALUES (1,1.50,NULL,17,17,20,20,25,35,23,NULL,'2024-05-10 17:27:59','2024-05-10 17:27:59'),(2,2.50,NULL,23,22,28,26,33,45,32,NULL,'2024-05-10 17:27:59','2024-05-10 17:27:59'),(3,3.31,'12',28,26,33,31,38,53,38,NULL,'2024-05-10 17:27:59','2024-05-10 17:27:59'),(4,4.00,NULL,31,30,37,35,42,59,42,42,'2024-05-10 17:27:59','2024-05-10 17:27:59'),(5,5.26,'10',37,35,44,41,48,69,50,50,'2024-05-10 17:27:59','2024-05-10 17:27:59'),(6,6.00,NULL,40,38,48,44,52,74,54,55,'2024-05-10 17:27:59','2024-05-10 17:27:59'),(7,8.37,'8',49,46,59,54,63,89,67,68,'2024-05-10 17:27:59','2024-05-10 17:27:59'),(8,10.00,NULL,54,51,66,60,68,98,75,77,'2024-05-10 17:27:59','2024-05-10 17:27:59'),(9,13.30,'6',65,61,79,72,80,114,89,93,'2024-05-10 17:27:59','2024-05-10 17:27:59'),(10,16.00,NULL,73,68,88,80,89,126,100,105,'2024-05-10 17:27:59','2024-05-10 17:27:59'),(11,21.10,'4',86,80,105,95,103,147,114,126,'2024-05-10 17:27:59','2024-05-10 17:27:59'),(12,25.00,NULL,95,89,117,105,113,161,127,141,'2024-05-10 17:27:59','2024-05-10 17:27:59'),(13,26.70,'3',99,92,122,109,117,167,133,147,'2024-05-10 17:27:59','2024-05-10 17:27:59'),(14,33.60,'2',114,106,141,125,132,189,154,172,'2024-05-10 17:27:59','2024-05-10 17:27:59'),(15,35.00,NULL,117,109,144,128,136,194,158,176,'2024-05-10 17:27:59','2024-05-10 17:27:59'),(16,42.40,'1',132,122,163,144,150,216,178,200,'2024-05-10 17:27:59','2024-05-10 17:27:59'),(17,50.00,NULL,141,130,175,154,159,230,192,216,'2024-05-10 17:27:59','2024-05-10 17:27:59'),(18,53.50,'1/0',152,140,188,165,170,245,207,234,'2024-05-10 17:27:59','2024-05-10 17:27:59'),(19,67.40,'2/0',175,161,217,190,192,278,240,273,'2024-05-10 17:27:59','2024-05-10 17:27:59'),(20,70.00,NULL,179,164,222,194,197,282,246,279,'2024-05-10 17:27:59','2024-05-10 17:27:59'),(21,85.00,'3/0',201,185,251,218,218,315,278,318,'2024-05-10 17:27:59','2024-05-10 17:27:59'),(22,95.00,NULL,216,197,269,233,232,339,298,342,'2024-05-10 17:27:59','2024-05-10 17:27:59'),(23,107.20,'4/0',232,212,290,251,248,362,322,371,'2024-05-10 17:27:59','2024-05-10 17:27:59'),(24,120.00,NULL,249,227,312,268,263,386,346,400,'2024-05-10 17:27:59','2024-05-10 17:27:59'),(25,126.70,'250',257,234,322,277,270,396,358,415,'2024-05-10 17:27:59','2024-05-10 17:27:59'),(26,150.00,NULL,285,259,342,300,296,431,399,464,'2024-05-10 17:27:59','2024-05-10 17:27:59'),(27,152.00,'300',287,261,344,302,299,437,402,468,'2024-05-10 17:27:59','2024-05-10 17:27:59'),(28,177.30,'350',316,287,374,331,325,474,444,518,'2024-05-10 17:27:59','2024-05-10 17:27:59'),(29,185.00,NULL,324,295,384,340,332,486,456,533,'2024-05-10 17:27:59','2024-05-10 17:27:59'),(30,202.70,'400',342,312,405,358,349,510,483,567,'2024-05-10 17:27:59','2024-05-10 17:27:59'),(31,240.00,NULL,380,346,450,398,382,563,538,634,'2024-05-10 17:27:59','2024-05-10 17:27:59'),(32,253.30,'500',392,357,464,410,393,576,557,657,'2024-05-10 17:27:59','2024-05-10 17:27:59'),(33,300.00,NULL,435,396,514,455,431,629,621,736,'2024-05-10 17:27:59','2024-05-10 17:27:59');
/*!40000 ALTER TABLE `wiresthrv` ENABLE KEYS */;
UNLOCK TABLES;
/*!40103 SET TIME_ZONE=@OLD_TIME_ZONE */;

/*!40101 SET SQL_MODE=@OLD_SQL_MODE */;
/*!40014 SET FOREIGN_KEY_CHECKS=@OLD_FOREIGN_KEY_CHECKS */;
/*!40014 SET UNIQUE_CHECKS=@OLD_UNIQUE_CHECKS */;
/*!40101 SET CHARACTER_SET_CLIENT=@OLD_CHARACTER_SET_CLIENT */;
/*!40101 SET CHARACTER_SET_RESULTS=@OLD_CHARACTER_SET_RESULTS */;
/*!40101 SET COLLATION_CONNECTION=@OLD_COLLATION_CONNECTION */;
/*!40111 SET SQL_NOTES=@OLD_SQL_NOTES */;

-- Dump completed on 2024-07-17 16:10:23
